"temperature","humidity","soil_moisture","rainfall","field_id"
28.33,61.96,58.62,5.9,1
25.79,58.03,57.46,10.13,1
35.49,65.02,58.06,5.95,1
25.94,61.95,56.06,7.31,1
29.62,43.59,63.76,6.1,1
26.24,61.88,55.83,11.12,1
35.92,60.58,62.84,1.53,1
28.78,64.63,56.62,0.73,1
25.7,55.95,65.91,9.72,1
24.86,60.9,67.67,10.69,1
24.5,45.94,67.36,7.67,1
26.05,59.08,65.82,1.61,1
35.4,58.42,66.83,1.14,1
28.24,65.63,41.39,4.52,1
22.58,68.62,63.91,10.66,1
24.37,64.09,69.26,3.49,1
26.31,63.28,56.69,7.3,1
34.75,61.83,66.9,10.42,1
28.77,56.76,63.8,4.2,1
28.23,64.13,36.48,11.01,1
26.43,62.15,68.94,9.93,1
22.9,55.06,68.76,0.96,1
32.97,62.36,68.52,3.68,1
24.7,67.94,60.95,11.1,1
23.78,36.0,60.06,1.32,1
27.81,59.91,61.04,3.21,1
32.17,64.15,62.86,9.83,1
35.64,65.93,62.48,11.0,1
26.93,57.17,67.51,1.35,1
24.52,42.29,56.23,2.35,1
25.01,69.95,45.44,8.26,1
22.22,61.39,59.52,1.37,1
29.45,55.34,45.26,9.53,1
26.5,60.66,63.11,8.98,1
27.71,55.4,56.43,0.13,1
24.46,44.62,66.85,3.75,1
22.5,62.87,63.14,2.14,1
23.75,63.87,59.96,9.69,1
22.93,68.26,66.51,12.69,1
23.96,61.64,59.18,9.6,1
24.98,66.58,65.28,13.21,1
23.84,36.79,69.12,6.54,1
27.54,44.99,61.25,1.3,1
28.47,56.46,62.02,0.31,1
26.1,41.3,55.4,5.0,1
28.72,59.89,55.35,9.01,1
23.56,39.12,66.08,0.66,1
28.94,56.41,68.22,2.31,1
28.74,64.41,56.75,0.3,1
29.26,58.89,63.06,11.19,1
26.61,58.39,65.18,10.17,1
32.22,69.11,63.43,10.15,1
29.53,57.6,66.31,1.26,1
24.88,58.14,67.97,6.74,1
32.26,67.56,57.67,8.57,1
28.02,69.98,58.65,12.38,1
34.96,69.21,69.88,7.84,1
25.93,63.32,56.47,8.75,1
26.96,58.73,64.47,4.51,1
22.25,47.81,59.98,2.58,1
27.48,67.64,67.15,0.96,1
22.35,57.13,65.89,8.01,1
23.74,64.7,64.83,11.8,1
23.72,55.18,40.67,9.53,1
28.5,56.2,57.61,2.86,1
28.17,57.72,56.24,8.61,1
33.92,65.71,59.06,10.05,1
27.83,64.25,66.88,5.41,1
29.5,41.47,68.2,7.77,1
25.95,48.51,63.82,6.91,1
26.12,64.4,64.94,12.63,1
33.29,63.73,55.84,12.74,1
25.66,62.49,69.29,10.56,1
26.79,62.1,58.52,12.12,1
22.39,66.07,57.05,2.57,1
25.17,67.2,60.68,3.18,1
27.1,38.46,62.75,4.88,1
22.31,69.34,69.14,8.65,1
28.68,59.8,56.63,5.52,1
28.25,62.97,60.4,7.69,1
23.95,43.87,55.37,1.08,1
23.35,69.81,63.79,9.87,1
28.82,58.92,56.21,1.03,1
26.92,67.76,42.19,9.87,1
27.04,57.56,60.86,2.07,1
23.54,62.79,47.71,11.38,1
29.67,56.8,60.79,5.36,1
27.11,55.35,60.22,1.22,1
22.22,66.27,69.97,4.52,1
26.6,66.04,45.68,10.74,1
24.55,62.92,65.0,4.78,1
29.41,62.12,63.69,6.29,1
26.66,58.11,39.02,10.49,1
25.4,56.32,69.44,6.15,1
25.65,58.57,68.66,10.75,1
29.33,55.23,66.08,7.09,1
25.44,66.39,47.23,7.38,1
35.34,66.22,65.71,9.17,1
22.79,38.56,66.24,7.43,1
28.8,63.09,55.28,5.24,1
25.36,57.71,65.81,6.07,1
33.08,64.68,64.84,5.7,1
23.8,55.32,66.57,7.58,1
28.03,62.9,65.37,7.57,1
29.58,57.12,68.56,0.58,1
34.73,58.76,66.39,10.58,1
34.7,58.71,57.82,6.12,1
29.17,55.62,58.3,9.83,1
24.33,62.86,47.33,1.93,1
24.2,63.25,68.02,10.97,1
25.7,42.0,62.64,2.84,1
28.83,68.21,58.07,6.59,1
23.8,67.34,58.45,4.01,1
25.65,61.36,55.43,10.88,1
26.94,56.69,69.34,7.02,1
27.21,64.28,68.38,0.48,1
23.53,59.88,64.38,4.77,1
35.9,62.7,61.54,1.22,1
24.34,69.74,63.5,7.76,1
27.23,62.72,66.45,12.42,1
24.24,66.96,57.45,10.1,1
27.41,64.49,64.81,3.75,1
23.35,55.17,55.88,4.03,1
24.58,68.78,60.43,2.99,1
24.9,67.56,69.0,9.91,1
27.04,59.74,67.51,10.15,1
22.85,69.11,64.62,4.21,1
33.21,64.52,64.15,5.44,1
25.5,65.22,67.12,11.13,1
26.26,55.69,59.66,9.02,1
27.95,58.89,67.75,2.72,1
34.22,60.13,62.13,3.6,1
27.97,59.57,64.09,7.98,1
27.73,63.04,61.29,4.95,1
25.3,56.87,56.49,6.71,1
33.46,66.44,68.02,11.89,1
22.55,65.22,38.69,8.35,1
25.0,60.23,66.4,0.12,1
24.47,56.77,67.8,3.6,1
22.86,66.64,69.84,4.75,1
24.23,55.74,46.04,4.11,1
27.2,69.12,69.83,5.16,1
25.29,66.17,59.56,1.8,1
28.42,57.52,65.95,4.19,1
24.83,63.03,60.38,10.21,1
22.49,68.22,67.8,10.36,1
22.12,55.68,58.28,4.47,1
23.02,63.5,69.82,12.7,1
27.65,56.46,68.1,10.2,1
23.28,67.38,66.78,10.02,1
28.13,69.27,59.98,10.42,1
28.26,56.3,60.51,6.39,1
25.27,55.21,59.96,8.79,1
26.25,62.43,69.31,5.8,1
24.82,37.38,59.58,2.41,1
28.78,61.34,61.75,7.58,1
23.79,43.99,69.61,8.22,1
29.75,65.48,57.3,10.77,1
27.85,58.54,64.15,7.68,1
24.9,55.14,36.63,8.46,1
28.76,58.1,65.98,11.54,1
28.96,63.24,43.38,5.88,1
27.24,56.37,60.41,2.99,1
34.6,61.86,63.1,7.8,1
26.96,55.03,46.97,3.42,1
29.58,56.3,37.93,1.99,1
29.07,57.68,58.5,2.37,1
24.65,69.26,65.06,9.62,1
24.59,58.68,57.8,6.94,1
33.25,63.78,60.58,5.94,1
25.35,69.91,61.43,11.93,1
26.52,63.76,69.64,10.64,1
23.23,66.94,59.61,1.0,1
27.82,67.8,55.79,7.14,1
23.31,55.5,69.46,1.93,1
28.31,62.64,62.08,3.07,1
24.59,63.25,47.71,4.96,1
23.31,67.08,55.04,4.48,1
26.24,69.45,61.71,12.68,1
24.27,55.01,56.14,1.4,1
25.94,69.45,58.14,5.56,1
22.11,66.96,59.76,5.06,1
33.92,56.79,58.62,6.41,1
24.82,57.13,66.53,10.52,1
25.27,58.06,62.58,0.11,1
26.89,57.67,67.42,0.78,1
23.34,58.77,62.93,8.52,1
23.98,59.51,57.99,7.08,1
26.98,63.68,61.07,2.07,1
22.23,62.6,58.49,5.8,1
27.05,66.1,62.11,1.52,1
25.08,58.76,37.85,7.73,1
32.92,57.61,58.87,6.05,1
22.4,55.05,39.85,6.9,1
29.81,62.2,62.56,8.84,1
24.21,64.63,35.84,11.42,1
24.75,61.19,57.77,3.8,1
25.29,69.56,68.65,7.28,1
25.35,65.38,55.74,2.66,1
23.28,60.78,65.24,8.39,1
28.06,58.51,66.66,10.44,1
27.45,65.1,68.61,8.19,1
29.91,69.99,67.21,7.32,1
25.47,67.81,63.5,2.83,1
23.28,57.55,44.96,4.02,1
27.93,42.22,63.87,1.03,1
29.6,69.6,69.09,13.59,1
27.4,61.96,66.63,10.32,1
22.36,69.1,56.4,12.02,1
28.29,56.26,47.21,6.35,1
24.59,55.34,56.63,3.3,1
27.53,65.16,63.45,8.91,1
23.37,64.75,61.94,1.85,1
29.75,49.25,67.95,7.23,1
25.28,56.11,58.91,6.48,1
27.45,62.24,59.2,1.55,1
22.23,62.93,64.1,5.45,1
22.2,43.84,55.94,6.93,1
32.73,57.79,66.93,10.58,1
32.6,69.85,58.46,13.74,1
24.54,55.31,68.57,4.5,1
24.3,62.93,43.85,9.49,1
24.37,58.29,65.11,4.41,1
28.73,46.16,69.99,4.69,1
27.19,56.54,60.65,8.0,1
35.18,64.78,68.72,1.31,1
23.45,55.64,62.41,1.45,1
29.54,49.91,68.02,3.35,1
23.35,38.26,55.66,4.36,1
22.95,59.6,65.72,2.82,1
28.36,59.78,63.58,2.67,1
25.19,55.4,57.16,9.06,1
23.25,65.11,67.43,9.71,1
27.35,58.0,64.43,11.24,1
33.63,62.42,61.07,0.14,1
28.95,59.39,58.71,3.87,1
29.18,45.35,60.43,2.75,1
25.32,68.34,68.93,10.46,1
28.29,64.21,65.66,9.87,1
33.11,65.26,64.21,3.97,1
28.5,56.96,66.84,8.24,1
24.44,69.73,66.84,13.18,1
26.79,58.28,63.27,3.36,1
27.96,64.99,69.85,4.87,1
24.16,57.98,68.37,10.69,1
22.3,65.21,63.67,11.78,1
23.13,57.11,58.92,6.91,1
25.75,67.74,59.83,13.32,1
27.42,67.82,62.89,7.32,1
25.07,65.43,61.56,1.35,1
26.54,57.21,59.82,7.53,1
22.4,43.96,65.41,6.01,1
23.06,68.05,65.5,5.36,1
23.43,66.33,58.64,2.38,1
24.72,62.13,63.75,6.95,1
24.05,66.66,36.8,4.09,1
24.19,61.87,68.04,2.09,1
28.56,69.13,44.7,6.67,1
27.86,56.24,67.26,5.73,1
26.07,62.11,62.37,8.05,1
32.24,66.92,61.1,4.44,1
29.2,69.09,44.13,13.48,1
22.51,58.01,59.8,3.86,1
22.43,46.5,61.08,7.6,1
22.26,62.5,55.06,5.57,1
26.86,63.72,67.48,8.79,1
22.79,62.72,36.42,9.66,1
25.56,67.04,61.25,1.17,1
24.73,65.49,65.42,1.18,1
23.17,55.4,56.98,2.18,1
25.15,59.11,64.39,8.77,1
26.72,64.87,69.06,0.13,1
27.5,59.2,67.51,8.82,1
26.27,60.28,55.56,4.05,1
24.93,55.09,68.46,4.59,1
23.35,67.1,56.65,5.43,1
25.89,36.89,62.2,5.07,1
28.55,58.58,59.37,8.82,1
32.19,68.14,69.34,11.8,1
28.59,57.93,66.74,11.47,1
27.47,61.55,68.31,7.92,1
25.99,68.65,62.81,9.73,1
34.28,67.76,65.89,10.01,1
26.43,56.89,58.0,10.24,1
35.47,57.36,63.35,9.76,1
25.31,65.65,61.39,9.48,1
23.54,68.34,61.92,10.51,1
28.58,55.45,67.17,0.56,1
28.15,58.08,58.94,5.83,1
24.25,64.58,55.98,4.82,1
29.41,68.95,59.49,11.34,1
25.43,65.29,59.78,12.13,1
24.04,65.44,61.28,4.85,1
22.97,60.57,61.07,11.44,1
23.72,64.56,61.26,6.29,1
25.18,57.01,38.22,9.82,1
23.59,56.14,65.74,10.43,1
35.01,56.17,68.76,3.11,1
27.6,68.13,65.56,9.05,1
27.96,56.1,60.27,5.81,1
29.31,64.0,61.6,2.89,1
23.78,59.86,68.78,5.22,1
25.08,60.71,58.39,11.6,1
23.38,68.53,62.12,6.54,1
23.55,66.06,49.4,6.45,1
26.8,63.39,62.77,8.08,1
23.2,66.42,57.41,4.78,1
33.42,62.04,65.46,8.36,1
33.72,60.22,65.82,2.54,1
33.88,56.11,66.69,2.45,1
23.78,55.15,56.37,9.75,1
32.03,63.23,65.65,2.11,1
26.4,68.64,55.3,11.2,1
25.11,64.47,61.37,8.18,1
28.83,68.3,64.83,6.38,1
33.44,58.4,58.86,2.01,1
23.72,57.01,59.51,7.37,1
25.89,66.63,68.16,4.41,1
28.29,67.3,65.8,10.63,1
27.47,36.04,68.91,6.47,1
22.66,57.16,63.91,7.63,1
29.33,35.94,67.08,4.35,1
27.33,61.42,40.75,10.2,1
24.52,63.53,62.77,0.1,1
25.62,57.07,61.48,5.13,1
25.54,66.81,65.78,10.59,1
34.34,57.81,69.05,6.05,1
25.28,64.93,60.97,12.58,1
27.4,60.45,57.0,2.38,1
23.11,63.59,67.81,12.48,1
28.02,58.29,67.13,10.02,1
28.58,55.05,69.05,5.49,1
27.44,36.34,61.22,1.13,1
27.0,62.36,57.84,8.99,1
22.7,61.06,68.85,7.17,1
25.26,67.47,63.29,9.54,1
24.83,39.16,68.5,2.27,1
28.04,63.19,58.74,1.56,1
33.95,63.37,68.56,9.54,1
26.13,61.56,44.25,1.38,1
33.73,57.52,63.49,5.52,1
29.41,35.96,59.8,5.01,1
35.84,65.45,67.06,10.6,1
26.85,68.66,37.31,0.27,1
34.82,69.86,66.86,7.38,1
29.12,63.39,63.0,2.8,1
29.61,67.21,67.36,3.9,1
28.39,62.6,61.72,3.06,1
23.97,59.41,40.88,0.31,1
24.65,55.66,36.34,10.63,1
29.5,36.41,56.68,3.18,1
27.12,62.57,55.17,8.28,1
26.28,62.9,59.09,11.02,1
34.85,59.05,60.8,0.85,1
28.98,59.99,65.54,1.69,1
32.59,58.37,67.92,8.46,1
27.04,56.65,58.27,11.05,1
23.18,42.22,67.2,5.27,1
35.44,65.73,67.84,12.95,1
28.19,62.49,56.18,6.48,1
26.78,47.69,55.13,9.54,1
28.25,58.11,63.43,9.98,1
22.04,47.91,61.44,9.34,1
36.0,55.8,59.99,7.06,1
27.97,69.14,63.73,8.42,1
24.02,57.02,64.77,1.62,1
24.66,64.28,36.74,1.63,1
27.74,39.6,55.64,4.12,1
25.87,65.71,61.29,6.76,1
22.64,64.82,65.32,11.64,1
23.13,59.1,43.9,7.59,1
23.57,55.0,56.58,3.24,1
25.38,60.07,66.53,2.98,1
23.25,58.26,37.17,9.87,1
24.1,67.42,55.38,1.4,1
28.13,59.37,35.86,4.18,1
22.06,60.42,58.36,4.7,1
23.86,57.95,56.74,4.75,1
23.34,63.38,63.06,2.63,1
29.76,64.12,41.61,7.31,1
34.36,66.7,57.27,0.05,1
25.28,58.35,61.42,5.16,1
34.68,66.75,67.09,6.83,1
28.72,36.72,65.85,1.9,1
29.5,55.31,62.29,1.21,1
23.65,55.21,65.95,5.28,1
24.74,61.13,37.97,9.01,1
27.89,61.03,64.53,7.51,1
22.02,56.44,63.05,3.13,1
27.24,64.43,65.67,1.31,1
28.98,67.22,66.43,8.21,1
24.27,58.66,67.75,6.74,1
23.45,65.64,60.49,3.36,1
25.87,55.33,63.07,10.96,1
27.29,59.57,64.16,5.62,1
35.12,69.85,66.35,12.01,1
26.54,42.8,64.57,0.1,1
33.81,66.46,67.46,4.0,1
23.86,64.57,65.82,12.26,1
22.35,69.49,58.75,1.42,1
23.29,56.13,58.59,7.43,1
25.55,60.55,66.24,0.29,1
29.46,60.58,59.86,7.87,1
28.11,68.87,59.28,3.82,1
29.54,66.91,57.56,7.76,1
27.2,67.1,55.36,1.94,1
29.96,58.29,66.01,9.59,1
24.7,67.18,61.08,9.8,1
29.29,69.91,57.01,3.52,1
28.17,55.79,69.77,10.19,1
24.96,56.16,69.35,7.99,1
22.04,65.76,56.57,7.23,1
28.19,58.45,68.4,6.73,1
29.5,64.98,64.83,9.16,1
26.17,62.65,35.73,0.02,1
23.66,60.5,68.39,6.62,1
27.47,55.03,57.72,2.91,1
23.87,56.18,66.59,4.31,1
23.29,62.26,63.73,9.29,1
22.39,68.91,65.42,2.13,1
28.22,36.02,65.08,5.59,1
27.71,65.67,48.3,9.12,1
23.37,57.23,59.24,2.61,1
25.07,68.12,59.56,9.48,1
23.41,57.19,63.73,2.68,1
33.8,68.78,69.18,1.45,1
25.24,67.68,57.36,1.2,1
23.54,48.8,65.96,9.64,1
25.69,63.19,56.36,3.64,1
22.24,35.16,55.87,1.01,1
26.17,63.13,48.94,0.93,1
24.86,57.37,69.25,0.09,1
23.98,62.59,62.87,10.49,1
22.1,57.27,44.39,3.63,1
29.28,58.39,56.26,3.69,1
23.68,60.8,62.2,2.39,1
24.79,59.11,61.47,2.52,1
32.7,64.86,59.56,3.77,1
24.55,68.21,46.37,6.62,1
35.81,63.71,65.52,8.68,1
34.04,62.16,56.11,0.45,1
29.91,37.93,57.27,3.27,1
29.71,55.32,59.34,2.29,1
27.39,67.18,56.09,3.19,1
29.08,63.12,64.76,6.99,1
25.23,64.3,60.68,6.18,1
22.49,68.01,45.42,13.39,1
22.82,67.39,47.12,6.43,1
23.19,64.24,68.11,11.36,1
33.44,69.29,62.02,2.04,1
25.74,55.26,57.58,10.99,1
28.81,69.14,59.96,6.71,1
24.84,64.12,44.11,2.3,1
23.63,66.69,46.77,4.03,1
27.37,69.76,57.65,1.97,1
26.4,56.95,69.46,9.43,1
29.4,64.46,57.85,9.06,1
26.79,35.65,65.97,6.36,1
28.54,56.59,56.28,2.58,1
26.22,64.01,43.04,1.56,1
32.66,69.93,66.17,0.43,1
23.8,58.85,55.61,3.72,1
32.68,59.62,66.13,9.27,1
25.58,63.55,65.78,1.18,1
28.73,65.22,48.77,0.37,1
22.07,60.73,58.51,0.41,1
27.44,48.33,61.4,5.16,1
26.77,61.12,59.7,10.51,1
25.63,61.25,66.43,10.78,1
23.13,40.81,69.24,6.53,1
23.33,67.22,35.97,3.85,1
29.72,69.48,62.03,13.38,1
24.12,69.36,65.46,1.38,1
22.89,61.03,64.61,0.0,1
27.15,44.29,65.82,8.8,1
29.39,61.61,59.93,2.03,1
28.97,63.06,59.5,3.7,1
24.96,67.48,63.12,13.13,1
24.87,67.85,40.39,8.86,1
29.33,61.14,69.91,10.06,1
22.32,66.07,40.76,10.22,1
27.99,47.46,66.91,1.47,1
25.48,57.59,65.75,10.74,1
28.39,62.33,66.93,3.52,1
22.59,41.37,55.74,3.74,1
24.99,66.14,59.57,8.5,1
23.79,60.13,57.04,9.99,1
25.81,59.97,58.67,4.69,1
26.83,63.33,65.63,7.13,1
28.73,58.96,64.23,5.26,1
26.4,67.41,57.45,12.02,1
29.45,60.28,66.64,1.2,1
26.97,59.36,44.88,9.15,1
22.52,61.66,65.38,12.17,1
23.06,66.55,65.31,6.45,1
22.39,62.63,47.36,6.85,1
26.67,55.78,68.5,9.98,1
35.25,65.14,59.98,11.04,1
26.05,60.59,59.71,8.83,1
26.13,64.62,56.03,9.04,1
25.96,58.43,91.09,2.55,2
32.49,57.06,80.51,7.31,2
37.83,83.7,88.45,4.21,2
32.05,88.3,86.75,9.35,2
37.06,85.55,93.64,0.84,2
30.97,55.7,77.9,4.92,2
38.25,80.92,85.36,2.7,2
26.66,74.68,65.52,5.56,2
30.1,72.55,62.8,12.26,2
38.77,77.98,92.23,6.96,2
37.76,80.01,81.01,15.67,2
38.76,71.64,79.42,11.28,2
28.6,82.42,94.47,6.16,2
32.81,89.34,94.17,1.9,2
36.12,74.99,91.57,0.95,2
38.54,83.46,83.8,8.92,2
27.68,85.49,78.09,15.94,2
29.5,78.15,81.81,9.2,2
27.51,84.15,86.49,2.32,2
30.07,51.7,76.55,2.41,2
32.8,74.58,81.39,11.65,2
30.63,85.91,84.38,8.7,2
25.22,78.57,91.01,3.61,2
37.82,75.41,77.59,1.48,2
28.55,89.93,76.37,6.13,2
28.99,82.87,87.05,14.1,2
26.38,54.15,92.45,9.91,2
28.91,83.26,88.11,6.15,2
27.67,74.89,66.31,9.41,2
29.85,50.36,91.52,2.22,2
30.23,79.3,79.05,4.32,2
31.87,76.99,80.3,6.89,2
30.72,89.99,83.14,5.61,2
28.1,76.86,82.51,4.27,2
30.47,70.98,75.59,8.6,2
26.84,54.78,89.84,7.59,2
31.48,84.13,82.98,10.31,2
27.96,53.29,75.1,4.57,2
29.7,74.11,77.28,11.62,2
28.8,87.19,81.82,13.41,2
37.2,80.44,92.14,2.29,2
30.3,54.31,92.83,3.45,2
36.5,85.45,92.89,8.11,2
26.17,71.45,90.96,3.37,2
27.68,85.68,56.34,0.85,2
31.16,81.97,80.18,7.32,2
30.14,76.51,90.25,9.63,2
30.45,80.68,94.17,12.3,2
26.34,83.94,78.3,12.85,2
32.97,59.55,75.66,11.49,2
36.43,76.86,80.55,9.74,2
27.47,87.28,67.01,2.2,2
26.08,71.27,78.67,11.84,2
30.84,82.73,77.04,7.24,2
32.84,51.64,85.26,8.17,2
31.9,74.51,76.31,8.19,2
30.26,57.75,84.49,2.9,2
38.66,79.17,91.23,8.36,2
31.93,80.34,78.09,14.07,2
32.57,74.5,62.02,13.16,2
25.45,80.52,87.6,10.8,2
30.23,84.6,64.86,0.57,2
32.71,70.84,94.0,8.49,2
28.37,84.09,94.44,14.14,2
32.31,80.1,76.64,8.56,2
26.77,84.82,76.55,8.6,2
30.59,78.34,79.87,1.91,2
27.88,73.26,86.15,3.91,2
29.53,52.42,94.46,6.39,2
25.88,76.04,86.88,5.4,2
36.39,74.54,87.39,5.62,2
31.35,83.48,81.06,5.07,2
29.88,78.09,87.85,9.35,2
25.42,72.75,92.96,0.39,2
31.58,83.43,87.3,0.76,2
27.26,82.08,87.4,14.06,2
29.97,57.04,91.46,2.59,2
30.38,84.47,75.52,16.39,2
26.87,88.05,64.69,12.67,2
32.17,72.6,92.43,0.0,2
31.11,83.93,76.9,15.58,2
32.19,80.51,83.87,0.2,2
32.54,86.51,82.65,10.32,2
29.31,86.68,86.58,8.77,2
38.29,73.3,86.13,4.12,2
25.21,87.92,90.5,16.25,2
30.15,54.88,80.34,3.31,2
27.68,61.68,81.55,1.07,2
28.6,70.89,77.08,1.99,2
27.85,79.42,81.63,8.02,2
32.1,74.51,83.83,4.17,2
32.58,82.34,88.67,14.91,2
27.73,88.09,82.67,1.8,2
31.7,88.26,88.48,8.25,2
30.88,85.07,82.26,5.19,2
32.93,75.04,81.5,10.86,2
27.09,79.52,82.68,4.31,2
29.09,87.4,77.14,15.28,2
31.94,83.23,89.31,3.17,2
25.11,77.51,76.05,2.2,2
26.02,83.53,76.95,7.81,2
38.18,88.96,88.14,6.87,2
31.97,72.17,78.52,5.43,2
36.19,81.68,79.84,3.42,2
31.24,74.84,90.32,10.09,2
29.53,85.61,85.69,2.63,2
30.06,75.11,90.42,14.63,2
27.23,81.65,82.45,2.03,2
29.92,86.4,93.22,14.47,2
32.31,79.68,89.72,15.18,2
35.91,80.92,83.61,12.44,2
28.43,79.25,75.66,10.25,2
37.68,75.96,75.04,13.11,2
26.35,50.77,87.49,9.04,2
29.59,85.98,75.42,6.63,2
26.97,75.37,78.11,5.97,2
32.81,72.1,68.47,0.44,2
28.6,80.35,82.28,1.19,2
31.39,87.62,76.65,11.91,2
26.89,85.27,75.58,1.06,2
25.26,86.32,80.87,8.99,2
25.56,86.49,93.6,1.91,2
35.67,89.22,83.02,6.26,2
32.94,79.91,61.47,1.86,2
27.46,73.15,64.58,13.97,2
25.59,79.91,65.23,2.0,2
30.38,50.93,86.0,6.59,2
27.17,84.47,92.68,6.6,2
28.48,70.88,93.38,1.99,2
27.32,87.81,84.86,7.55,2
25.62,73.03,80.39,12.89,2
31.92,74.08,87.27,0.07,2
26.73,78.1,84.68,15.28,2
30.31,87.17,84.25,3.6,2
31.74,86.46,63.29,1.83,2
25.14,85.92,93.08,16.99,2
25.73,89.46,89.56,10.08,2
29.57,76.88,78.28,15.11,2
31.83,79.1,83.6,7.94,2
27.91,70.51,92.62,4.92,2
30.49,80.18,93.9,13.88,2
38.42,83.86,81.15,9.02,2
30.82,80.83,79.69,13.2,2
32.0,80.37,86.83,7.9,2
25.36,82.07,57.7,2.04,2
30.18,81.5,88.47,3.62,2
32.64,82.42,75.42,11.63,2
29.04,75.8,91.5,11.65,2
32.57,84.1,60.72,2.33,2
25.84,52.08,82.58,5.78,2
27.32,82.73,87.03,5.37,2
32.19,86.36,75.66,10.36,2
31.37,84.51,86.41,14.05,2
26.2,75.48,88.94,12.15,2
31.98,81.49,77.45,6.05,2
31.53,70.48,77.27,12.39,2
28.99,78.65,93.36,1.32,2
31.68,63.24,86.7,7.01,2
28.32,75.29,86.3,0.66,2
29.96,85.77,91.73,5.98,2
30.72,83.53,88.74,11.16,2
28.47,72.25,88.53,1.1,2
28.8,83.24,69.27,5.22,2
28.74,76.14,80.1,6.89,2
26.68,79.12,83.63,5.44,2
29.53,84.95,78.92,7.59,2
32.84,75.83,67.57,12.57,2
32.2,87.07,83.59,12.7,2
28.71,87.21,94.68,9.02,2
27.19,57.58,81.88,2.34,2
30.06,87.12,81.23,15.16,2
32.94,57.92,85.29,4.35,2
27.38,78.83,94.09,8.78,2
26.59,79.86,78.23,13.18,2
26.4,74.89,86.38,1.45,2
26.74,81.51,76.78,2.1,2
26.79,80.63,77.91,13.0,2
27.37,81.87,90.87,6.26,2
31.11,89.52,58.53,10.53,2
28.21,85.83,81.66,16.42,2
28.89,77.9,64.82,11.59,2
31.81,83.66,79.11,5.02,2
29.29,81.26,80.53,7.05,2
26.46,77.99,92.24,10.12,2
28.15,88.25,90.39,10.62,2
29.93,77.49,79.23,11.25,2
26.41,77.62,63.47,12.21,2
28.6,79.76,92.46,1.84,2
31.44,77.98,90.39,4.21,2
32.64,86.14,87.91,5.98,2
31.55,64.87,80.62,7.73,2
31.45,78.13,79.84,10.99,2
32.18,72.14,91.57,14.2,2
30.4,76.72,87.17,13.43,2
27.92,76.19,82.82,6.51,2
30.97,88.71,94.67,1.69,2
27.57,88.97,82.74,1.57,2
32.84,88.13,75.32,6.4,2
25.87,54.67,81.68,9.28,2
38.4,70.99,83.05,9.12,2
25.19,89.43,90.85,10.31,2
32.98,88.15,89.55,13.09,2
38.15,89.41,87.0,3.4,2
27.7,61.3,88.41,10.91,2
27.4,86.51,84.02,13.44,2
27.96,76.59,86.7,8.9,2
32.93,70.84,79.0,6.65,2
31.64,70.29,91.55,2.45,2
29.07,50.86,80.72,0.16,2
31.17,76.64,85.88,13.64,2
32.3,89.03,60.17,13.58,2
30.43,77.8,77.86,4.8,2
30.93,87.73,83.56,5.6,2
32.32,73.93,93.57,3.51,2
29.09,85.7,90.63,3.89,2
38.37,83.25,89.19,13.25,2
32.28,84.42,87.48,12.03,2
25.86,79.21,77.37,3.14,2
26.39,73.64,91.65,11.13,2
31.36,83.63,78.88,15.13,2
29.55,77.31,57.72,13.34,2
30.74,57.04,82.36,10.95,2
27.93,81.2,78.11,11.73,2
30.51,89.65,85.07,6.45,2
27.45,71.44,81.32,14.28,2
25.27,87.83,84.9,11.29,2
36.55,87.63,87.5,13.17,2
28.94,74.15,92.91,13.79,2
37.88,80.73,92.61,10.53,2
29.02,51.01,86.27,8.62,2
37.15,82.55,75.81,4.19,2
26.05,73.2,90.43,4.28,2
35.48,80.82,90.9,12.11,2
25.52,50.49,87.83,7.85,2
31.89,73.85,91.63,13.38,2
31.88,83.53,83.11,8.06,2
26.75,76.2,76.19,8.66,2
25.26,70.9,75.77,7.02,2
32.28,86.64,88.69,5.04,2
36.84,88.91,87.56,3.99,2
31.5,78.9,88.94,14.7,2
27.84,52.0,91.67,9.29,2
26.55,80.14,88.29,9.52,2
32.55,75.95,94.77,8.85,2
25.52,80.25,75.04,2.07,2
30.76,86.15,80.26,2.38,2
37.25,84.48,93.84,2.71,2
36.55,89.69,82.08,1.36,2
28.92,73.41,83.69,14.04,2
26.98,87.04,84.88,3.02,2
31.39,51.44,88.39,7.84,2
27.64,60.63,90.18,0.29,2
27.37,74.76,83.38,6.32,2
31.7,59.21,79.77,5.94,2
32.24,73.65,89.45,14.51,2
37.89,77.38,84.32,11.17,2
28.17,80.86,82.61,7.96,2
27.49,84.83,93.5,9.66,2
29.73,79.85,92.06,10.63,2
26.68,85.66,60.08,5.53,2
29.79,77.92,79.12,12.48,2
29.46,72.89,90.6,6.37,2
32.87,77.24,92.61,15.17,2
36.04,70.04,83.13,8.51,2
26.18,72.47,93.78,5.41,2
25.61,73.7,93.26,5.83,2
31.46,72.9,81.59,11.49,2
31.64,74.77,76.45,10.72,2
29.88,78.74,80.96,15.46,2
30.39,73.25,85.83,1.7,2
35.02,81.49,92.1,5.32,2
25.09,72.87,91.62,6.7,2
27.41,71.14,80.78,4.58,2
29.42,81.0,91.04,9.6,2
25.56,83.8,85.1,14.06,2
26.85,87.72,80.86,6.77,2
26.2,78.56,94.33,14.31,2
25.07,70.06,65.88,13.48,2
32.89,84.4,79.61,1.29,2
32.18,85.66,92.75,5.76,2
30.29,78.66,80.23,10.68,2
30.3,70.95,93.76,6.4,2
31.25,84.97,81.91,10.19,2
29.74,81.75,81.42,13.76,2
27.06,75.25,78.91,0.94,2
29.38,80.2,86.45,11.48,2
25.91,81.24,82.05,2.45,2
31.64,75.44,77.96,7.85,2
37.51,81.85,93.15,12.26,2
32.92,78.39,82.27,3.29,2
32.05,79.45,77.97,1.82,2
32.84,75.34,88.25,0.51,2
25.37,80.67,88.47,6.55,2
25.51,80.41,88.63,6.55,2
26.96,81.66,86.6,3.29,2
29.97,86.64,90.86,13.4,2
30.4,88.56,86.11,16.85,2
29.81,74.7,81.61,14.9,2
27.82,84.63,66.05,11.24,2
32.3,84.3,65.95,15.65,2
32.29,87.93,82.13,5.09,2
36.24,82.6,84.6,13.19,2
27.86,77.39,80.95,1.67,2
26.97,85.46,94.77,15.92,2
28.26,84.43,75.75,1.07,2
27.04,70.05,90.39,0.82,2
28.15,70.26,94.69,0.91,2
30.14,70.58,63.46,11.64,2
29.39,73.18,77.06,14.3,2
29.56,80.89,89.34,10.61,2
32.77,83.67,66.14,0.03,2
35.34,72.81,90.54,13.99,2
26.71,71.79,86.82,2.64,2
27.07,79.54,75.15,1.41,2
27.44,72.74,82.67,7.56,2
30.1,76.94,84.57,13.26,2
30.64,85.25,79.41,0.5,2
28.97,89.15,89.46,4.46,2
28.46,80.25,77.68,12.64,2
28.56,72.26,76.26,11.44,2
29.92,75.4,79.1,4.72,2
29.74,71.48,83.91,7.76,2
28.33,70.58,64.28,1.0,2
28.69,86.1,90.11,4.82,2
29.57,73.72,62.99,10.89,2
27.29,72.3,93.82,9.01,2
28.8,74.84,93.51,4.83,2
30.61,78.82,75.46,10.21,2
29.95,70.22,88.34,5.12,2
32.99,77.23,80.85,0.02,2
27.83,80.6,81.18,0.74,2
27.92,87.47,82.44,15.35,2
27.91,84.83,79.52,14.62,2
31.99,86.14,86.78,4.35,2
28.42,71.63,56.48,2.86,2
27.19,60.33,80.99,5.85,2
31.66,83.33,78.54,7.75,2
38.23,81.92,91.28,5.83,2
26.16,82.57,87.39,3.29,2
25.53,85.9,79.03,6.71,2
29.56,88.19,84.43,0.75,2
37.48,86.84,88.86,8.77,2
36.59,77.17,81.66,4.95,2
25.7,84.05,61.18,11.66,2
29.78,84.72,94.34,14.34,2
31.19,71.67,78.13,3.26,2
27.85,86.31,77.84,2.78,2
30.91,70.85,88.18,1.16,2
28.69,82.55,82.72,2.49,2
27.11,83.08,88.6,7.0,2
26.1,86.47,77.49,15.25,2
35.27,76.71,83.26,11.45,2
27.25,72.21,79.21,12.75,2
27.6,82.7,86.85,4.86,2
36.49,84.29,89.1,11.48,2
26.94,58.95,86.9,6.27,2
32.97,74.03,91.81,13.88,2
38.74,77.45,92.1,0.99,2
27.03,85.94,78.02,10.78,2
38.5,81.49,88.65,12.01,2
32.43,88.48,76.76,9.97,2
32.89,89.05,78.79,1.02,2
28.53,81.49,80.13,8.88,2
32.54,82.26,59.41,4.95,2
31.2,78.94,77.86,13.0,2
30.84,84.45,80.74,16.65,2
29.0,70.68,80.22,3.5,2
30.03,55.85,90.12,8.73,2
35.72,75.04,83.51,12.95,2
25.45,82.83,85.57,2.33,2
26.77,83.09,87.67,0.46,2
26.16,78.45,78.06,0.04,2
28.97,76.47,60.56,12.06,2
27.14,77.4,77.97,10.44,2
32.61,56.64,86.69,6.42,2
28.39,80.24,64.45,12.05,2
29.85,89.85,92.42,12.6,2
27.02,81.59,93.59,7.94,2
28.35,89.4,79.4,15.01,2
31.99,87.23,81.42,1.3,2
32.92,76.16,76.94,14.52,2
25.36,82.97,93.12,7.97,2
37.83,85.16,91.8,14.96,2
36.8,89.73,84.72,0.86,2
32.9,89.93,64.16,13.73,2
37.0,70.33,80.62,1.15,2
36.6,78.29,75.76,8.33,2
37.37,88.32,75.75,15.29,2
31.39,60.7,80.94,11.06,2
26.44,79.75,89.81,8.42,2
26.4,87.22,85.07,11.99,2
28.59,64.41,79.17,0.2,2
25.85,88.52,77.07,8.08,2
29.13,76.93,55.2,11.17,2
25.34,76.33,83.13,14.33,2
26.79,74.97,94.68,13.63,2
25.82,77.61,86.2,5.17,2
25.26,76.86,85.04,6.07,2
30.88,74.88,78.22,8.08,2
31.79,74.45,78.81,14.01,2
31.13,82.78,76.4,5.92,2
31.38,82.74,85.29,14.22,2
27.29,81.76,82.4,3.3,2
32.94,88.55,87.73,15.95,2
29.44,86.22,79.1,1.92,2
32.98,88.94,56.83,1.21,2
32.43,76.56,83.08,4.21,2
25.22,87.15,56.38,3.94,2
32.66,77.81,81.9,5.01,2
32.25,85.09,77.34,7.52,2
30.2,76.25,80.4,1.84,2
32.51,87.75,77.0,7.28,2
35.1,83.79,94.09,5.45,2
32.04,73.1,60.07,4.66,2
25.73,86.73,94.8,7.79,2
28.06,70.28,83.02,6.25,2
27.71,78.28,81.6,9.02,2
26.7,85.77,94.09,6.63,2
29.41,76.34,62.83,11.71,2
32.48,81.82,88.95,1.61,2
29.1,77.81,76.93,2.51,2
35.34,79.61,94.51,5.71,2
30.91,78.52,75.63,3.55,2
31.94,73.49,92.79,8.08,2
27.09,53.21,78.03,3.84,2
32.94,82.52,79.91,7.99,2
31.15,74.37,85.44,2.97,2
36.19,77.78,78.62,8.03,2
35.7,87.96,84.15,3.85,2
31.12,87.48,65.37,16.28,2
25.53,76.41,80.16,9.15,2
38.0,77.68,78.21,2.63,2
29.19,89.36,80.11,15.14,2
31.85,89.36,75.75,12.37,2
32.62,78.84,55.54,14.83,2
28.21,59.98,78.36,10.39,2
28.19,78.7,90.1,6.17,2
38.28,77.71,94.57,13.13,2
29.95,85.71,78.62,7.81,2
29.36,79.51,59.59,9.03,2
26.77,71.03,79.95,0.4,2
26.83,80.2,89.11,4.89,2
25.08,72.41,92.45,3.2,2
30.82,81.44,84.69,2.82,2
32.82,82.3,84.57,14.0,2
25.04,81.72,93.6,16.06,2
32.72,78.56,87.68,13.43,2
29.34,72.81,92.05,1.86,2
31.48,72.35,57.9,8.07,2
26.63,77.38,93.8,6.27,2
36.15,83.43,92.65,11.41,2
29.56,88.36,83.79,0.34,2
30.93,71.18,60.59,3.73,2
29.8,82.85,80.61,9.86,2
32.9,83.85,58.38,3.53,2
29.84,89.54,76.41,9.97,2
32.58,85.83,90.96,5.17,2
32.43,80.75,86.11,11.88,2
30.44,86.4,94.33,0.57,2
25.33,77.68,66.13,2.54,2
26.46,81.75,78.94,9.25,2
37.79,86.47,92.95,3.14,2
27.98,73.51,87.26,8.34,2
27.54,70.28,92.8,1.41,2
28.82,82.17,83.13,10.13,2
26.38,78.5,56.38,14.91,2
26.55,78.95,83.61,8.08,2
28.74,83.47,91.77,3.93,2
29.92,75.46,77.68,11.78,2
25.94,88.02,81.7,4.68,2
32.96,81.46,81.8,4.31,2
27.18,79.35,57.57,5.19,2
29.36,71.55,94.16,5.95,2
31.49,82.51,85.71,10.43,2
31.66,60.6,75.16,4.98,2
29.29,61.18,86.95,3.2,2
27.58,72.69,80.66,12.54,2
30.05,78.17,92.1,13.18,2
25.98,73.16,81.41,0.58,2
27.74,83.22,88.03,1.99,2
31.29,81.77,90.15,2.99,2
32.14,84.09,75.09,2.77,2
35.12,85.15,80.05,13.4,2
27.44,82.52,91.06,4.93,2
27.63,77.72,75.78,7.06,2
32.99,89.95,90.05,12.42,2
30.76,70.15,90.59,10.93,2
32.5,72.04,80.31,5.34,2
30.91,80.45,87.91,2.2,2
30.38,72.99,88.27,14.38,2
30.03,88.17,86.54,9.68,2
25.42,70.24,75.67,9.35,2
32.46,80.34,64.86,4.79,2
26.87,76.64,83.15,2.38,2
31.97,82.3,83.54,0.66,2
29.27,72.46,86.27,12.52,2
28.24,60.75,92.44,6.1,2
31.96,79.01,84.06,2.68,2
30.63,71.66,88.81,7.27,2
30.91,73.93,60.13,10.73,2
42.94,62.9,55.48,8.54,3
34.24,53.42,44.92,2.57,3
32.62,37.98,47.3,6.82,3
35.15,59.6,52.2,5.29,3
33.55,39.17,45.04,5.45,3
31.6,48.66,53.75,2.8,3
28.49,45.15,54.77,0.38,3
33.29,63.97,55.13,10.91,3
32.03,64.8,32.07,0.47,3
34.97,57.9,22.97,8.41,3
41.23,62.99,42.62,5.91,3
33.17,54.64,43.89,2.27,3
36.83,47.96,50.39,3.6,3
33.91,59.5,53.35,9.2,3
39.09,62.46,45.67,2.65,3
39.56,64.56,47.35,4.97,3
28.16,53.25,55.22,4.41,3
34.62,64.43,48.57,5.25,3
28.39,58.31,49.53,6.21,3
31.18,62.96,59.09,8.27,3
36.99,58.36,54.05,8.74,3
36.64,53.06,40.55,7.35,3
32.92,54.69,59.92,2.79,3
36.69,45.3,58.21,5.51,3
31.8,58.12,57.88,4.42,3
28.74,62.1,54.42,8.95,3
35.56,53.63,48.61,10.15,3
36.96,48.19,51.05,8.04,3
28.71,57.35,47.17,9.1,3
36.62,63.03,49.31,5.02,3
36.22,62.03,32.4,3.41,3
36.56,35.38,45.72,5.67,3
30.27,52.88,50.76,6.63,3
31.01,59.34,46.21,0.49,3
29.19,57.7,26.2,3.52,3
30.13,52.63,44.54,7.85,3
35.36,51.43,58.64,5.92,3
30.21,63.81,53.06,10.56,3
29.42,60.56,48.56,0.46,3
35.19,33.37,43.66,6.48,3
36.41,52.65,58.57,8.46,3
28.19,64.72,41.92,11.24,3
33.18,52.07,41.16,8.49,3
34.8,52.26,46.83,1.43,3
42.26,56.85,49.63,0.1,3
30.55,64.59,25.05,11.75,3
30.7,46.7,46.96,1.05,3
33.83,25.68,51.65,1.12,3
34.54,55.9,56.6,7.11,3
34.66,64.77,43.62,6.54,3
40.52,63.39,53.43,0.24,3
36.99,62.84,52.77,12.36,3
28.23,25.34,51.72,1.67,3
34.51,61.9,57.4,10.17,3
30.49,45.6,45.47,6.91,3
31.29,53.26,40.98,9.93,3
29.14,45.65,58.57,3.72,3
33.55,59.84,56.72,0.38,3
33.23,57.13,54.7,11.2,3
32.41,26.57,58.79,2.52,3
35.85,27.37,53.59,5.34,3
31.02,60.81,53.46,8.94,3
41.7,56.49,56.98,3.16,3
42.37,59.18,41.87,4.1,3
31.34,63.86,40.74,3.9,3
34.87,55.28,42.41,6.82,3
36.88,45.36,46.1,6.19,3
34.32,39.85,56.0,4.49,3
29.42,56.01,58.76,8.76,3
28.42,63.32,50.71,11.82,3
30.72,48.44,53.44,0.34,3
32.37,63.33,47.21,8.17,3
41.27,45.82,40.12,2.24,3
36.82,34.01,53.34,1.34,3
40.83,47.94,51.31,7.35,3
28.53,54.77,48.3,10.84,3
42.11,58.09,55.14,8.17,3
32.51,62.98,53.53,5.89,3
28.85,55.73,53.89,8.78,3
31.42,50.85,30.54,8.74,3
29.97,48.14,23.43,1.65,3
32.59,58.88,55.96,7.03,3
32.14,51.8,53.74,6.76,3
31.78,63.61,48.67,6.52,3
36.76,61.99,58.85,9.12,3
28.9,47.1,52.55,8.96,3
34.24,64.63,53.74,5.25,3
31.07,47.31,40.24,4.92,3
31.43,60.78,46.0,6.3,3
30.25,54.1,49.19,4.04,3
33.97,48.1,50.08,8.17,3
36.24,51.23,51.09,5.13,3
30.35,59.26,59.27,10.37,3
31.11,61.39,49.48,3.79,3
34.55,57.11,43.94,4.89,3
36.85,62.51,48.92,3.47,3
34.74,62.91,42.82,0.34,3
33.36,29.79,49.43,1.51,3
35.55,48.64,54.76,8.87,3
41.47,47.02,53.25,9.2,3
29.71,62.99,52.54,3.8,3
36.61,64.95,24.54,3.42,3
34.87,54.24,46.11,3.2,3
35.01,45.18,42.57,7.79,3
32.96,57.94,51.49,6.32,3
31.08,46.52,47.15,1.91,3
32.68,57.56,53.11,4.78,3
36.1,39.32,52.02,5.98,3
32.58,25.04,44.55,0.34,3
34.96,52.86,53.6,5.94,3
29.43,52.79,48.4,3.18,3
33.58,53.6,42.65,2.24,3
28.15,52.39,50.82,4.83,3
28.26,59.55,56.95,0.63,3
29.98,48.21,48.07,9.07,3
28.38,49.79,53.66,1.33,3
31.33,54.2,45.54,0.28,3
40.46,54.39,41.43,10.39,3
36.53,55.7,56.32,0.57,3
28.7,49.31,46.65,5.91,3
28.59,29.31,42.68,0.36,3
36.78,61.8,56.47,6.14,3
34.33,52.87,49.71,9.33,3
32.26,52.17,41.61,2.36,3
29.46,30.32,58.5,1.68,3
31.4,26.54,46.38,2.94,3
39.9,60.0,49.47,2.14,3
34.31,59.16,46.49,3.43,3
30.38,46.83,53.55,6.84,3
33.14,50.1,33.72,4.98,3
39.82,47.08,51.22,3.31,3
34.39,51.39,49.61,1.94,3
33.44,47.97,45.89,3.21,3
28.28,61.92,59.34,2.97,3
29.96,55.15,47.63,0.7,3
36.14,62.88,20.15,7.36,3
36.4,63.32,54.94,2.24,3
28.55,58.45,46.3,4.62,3
39.4,47.45,49.71,5.69,3
29.84,32.94,55.91,4.98,3
33.92,55.07,45.64,2.74,3
33.62,58.27,59.28,7.98,3
40.19,49.03,53.11,9.12,3
31.98,61.94,44.48,12.22,3
34.93,64.31,47.16,4.43,3
32.03,52.21,58.55,7.12,3
42.96,60.41,52.58,11.81,3
42.64,50.83,53.29,2.68,3
31.01,35.38,40.07,4.02,3
28.3,28.06,51.67,0.44,3
35.74,52.31,41.05,7.68,3
36.36,45.63,34.0,4.72,3
28.46,63.16,20.67,11.39,3
35.32,54.58,56.5,7.31,3
36.27,35.74,55.15,5.03,3
35.58,62.7,33.66,3.01,3
35.15,39.97,52.49,4.76,3
33.42,38.3,47.28,3.89,3
36.84,49.66,50.94,1.17,3
30.95,61.07,53.68,0.18,3
34.45,60.47,46.07,11.37,3
29.49,33.87,52.0,2.14,3
34.23,60.4,52.7,11.87,3
32.29,45.69,41.53,5.88,3
35.76,63.65,53.83,0.64,3
32.07,51.95,47.73,3.02,3
42.37,49.85,52.99,3.06,3
36.96,50.32,46.36,1.8,3
30.6,25.06,42.17,4.92,3
30.89,57.29,54.12,8.4,3
36.43,48.02,34.25,6.91,3
28.31,47.31,47.1,5.74,3
35.65,50.11,47.3,1.37,3
33.6,63.2,44.66,11.86,3
31.46,50.86,45.56,5.41,3
33.13,59.18,59.93,5.03,3
32.14,55.53,43.9,10.97,3
33.74,55.73,49.27,3.1,3
29.88,34.43,54.89,5.33,3
39.74,53.52,42.24,3.08,3
35.63,63.68,22.55,5.07,3
28.09,48.24,52.74,7.27,3
32.28,62.48,42.51,7.18,3
36.5,59.82,48.68,5.53,3
36.5,55.37,28.01,3.18,3
29.77,29.51,44.75,1.26,3
35.3,26.9,52.51,3.47,3
28.81,60.87,44.05,8.9,3
41.08,52.35,56.05,8.56,3
41.89,53.64,46.55,10.11,3
32.36,48.21,27.03,7.36,3
31.89,47.73,21.8,5.46,3
35.87,48.76,47.79,5.11,3
34.66,60.23,54.45,9.94,3
28.97,32.39,44.08,1.46,3
36.96,48.34,54.4,7.95,3
28.24,63.43,58.84,12.57,3
32.47,30.18,51.62,2.23,3
32.44,59.18,33.75,1.24,3
30.95,62.43,29.89,10.43,3
36.77,59.89,51.54,0.3,3
30.21,49.91,54.32,3.46,3
28.67,50.46,49.6,3.48,3
32.39,56.29,41.18,9.49,3
34.55,57.13,53.18,6.01,3
36.63,62.3,25.43,2.58,3
35.28,25.27,45.18,4.53,3
32.83,46.43,56.85,4.56,3
36.97,60.28,47.92,5.14,3
33.36,38.67,49.69,0.13,3
30.26,62.47,43.21,3.2,3
36.39,52.88,20.35,5.42,3
35.91,47.98,45.59,3.66,3
34.79,49.71,33.34,0.9,3
41.55,56.37,44.33,8.95,3
35.31,61.49,31.69,7.74,3
29.1,64.16,31.41,4.61,3
36.52,59.13,54.85,8.91,3
42.01,63.54,57.05,9.95,3
35.7,56.82,41.26,10.2,3
36.44,30.92,48.01,2.57,3
33.14,57.12,43.57,10.11,3
33.48,45.5,59.08,7.77,3
32.06,33.97,44.98,6.41,3
29.5,51.91,54.66,7.67,3
33.69,30.22,51.99,2.41,3
29.34,50.83,54.98,1.26,3
36.19,54.68,41.1,4.65,3
30.59,52.69,58.65,9.67,3
33.07,53.46,51.29,7.9,3
32.55,51.02,31.12,9.71,3
34.37,48.87,57.69,7.72,3
31.01,63.17,40.77,1.23,3
32.27,51.94,40.51,5.29,3
32.79,59.78,46.85,5.36,3
31.85,59.34,48.73,9.26,3
34.19,62.55,46.75,10.37,3
36.41,51.52,54.89,7.88,3
32.96,57.45,48.77,9.85,3
36.67,27.47,59.85,1.0,3
36.05,55.26,48.29,0.27,3
30.14,45.89,28.18,9.03,3
31.24,55.51,50.83,8.16,3
31.43,63.91,42.46,8.6,3
31.17,56.97,40.18,4.42,3
29.68,50.36,58.77,5.69,3
34.45,62.17,56.76,1.81,3
29.08,54.19,53.79,8.46,3
36.39,64.64,46.61,1.33,3
34.73,49.23,40.6,3.45,3
29.46,45.76,52.31,3.67,3
31.44,58.14,56.3,2.21,3
30.0,53.03,51.4,1.7,3
29.36,49.02,43.84,9.78,3
34.48,58.76,28.31,7.14,3
32.72,51.78,48.92,3.79,3
32.99,47.27,56.24,1.12,3
33.62,49.54,31.24,5.25,3
32.29,62.73,41.65,0.38,3
41.37,51.77,59.89,2.32,3
34.04,59.49,49.3,1.72,3
34.27,49.98,56.27,0.95,3
36.48,59.17,51.1,6.69,3
35.78,45.43,41.25,5.37,3
30.59,29.9,45.32,4.81,3
36.7,48.46,43.22,3.44,3
30.04,29.09,57.52,2.54,3
33.42,61.59,56.22,9.38,3
36.28,45.94,53.36,4.91,3
35.97,62.17,59.48,0.17,3
30.31,51.95,46.44,0.49,3
31.72,55.06,59.45,3.44,3
29.97,54.1,42.41,4.88,3
30.98,53.99,45.07,9.9,3
31.02,64.18,54.96,9.46,3
42.96,55.58,57.01,9.2,3
31.46,60.91,55.65,0.29,3
33.56,59.06,53.87,9.91,3
40.34,57.27,46.36,6.17,3
34.77,56.88,45.44,8.52,3
29.48,63.43,54.4,1.77,3
34.72,57.56,59.67,7.97,3
31.23,64.73,44.3,7.56,3
34.35,49.23,54.08,3.8,3
33.57,47.05,53.71,6.15,3
35.43,63.9,48.16,2.05,3
34.78,56.77,57.12,6.37,3
41.94,64.19,52.03,5.68,3
33.61,60.66,41.75,4.86,3
33.14,46.05,53.18,8.44,3
35.83,63.47,44.27,11.83,3
30.01,55.59,44.09,0.45,3
28.4,50.83,45.86,2.44,3
29.45,64.24,47.53,9.27,3
29.83,45.7,49.5,5.44,3
33.92,51.18,45.29,9.58,3
28.75,61.37,40.37,9.67,3
29.99,48.27,44.59,0.82,3
41.53,58.47,52.35,2.37,3
33.34,62.24,29.18,8.42,3
36.13,57.53,49.46,1.77,3
31.47,62.96,57.66,6.65,3
31.7,48.9,45.75,9.47,3
31.41,48.91,40.22,1.54,3
36.33,58.05,55.14,1.94,3
29.79,59.74,43.87,7.29,3
40.19,61.9,47.07,2.44,3
33.6,50.28,59.63,4.46,3
31.12,58.12,55.89,9.68,3
42.77,53.66,54.03,0.12,3
36.21,64.6,47.37,4.03,3
31.38,49.21,57.14,2.53,3
33.98,54.33,24.72,5.64,3
40.66,45.66,56.58,2.4,3
31.22,50.0,41.59,2.02,3
30.75,25.31,43.77,0.43,3
30.79,57.81,42.69,11.34,3
36.79,56.68,44.19,5.0,3
34.48,45.22,30.18,4.31,3
30.42,61.7,52.94,1.17,3
33.54,56.85,48.7,10.77,3
28.78,52.3,54.65,9.3,3
28.01,39.75,54.69,4.46,3
29.93,55.5,42.3,9.86,3
36.81,48.09,47.13,6.83,3
34.45,51.68,26.75,9.94,3
39.94,57.05,44.69,7.94,3
34.44,51.17,22.44,2.38,3
28.89,38.75,44.29,6.98,3
30.64,51.28,53.09,7.57,3
33.1,58.78,58.97,10.92,3
30.13,46.35,49.46,5.46,3
31.15,59.84,47.18,7.88,3
33.26,60.55,40.21,9.72,3
33.14,49.07,34.27,8.59,3
29.44,45.61,42.81,0.14,3
33.03,57.94,56.94,11.33,3
41.38,58.97,56.1,6.19,3
36.26,54.75,48.81,6.99,3
28.12,52.52,50.79,9.01,3
33.75,28.67,54.02,2.53,3
35.86,34.22,41.27,0.8,3
40.52,47.75,49.59,0.7,3
33.76,62.46,54.75,8.95,3
34.17,45.83,41.31,6.8,3
40.14,54.07,45.68,1.04,3
28.43,61.15,30.2,5.48,3
31.43,50.33,45.62,0.09,3
34.34,56.05,45.36,7.4,3
34.53,59.22,58.66,2.3,3
32.34,31.79,40.86,3.69,3
33.31,52.1,49.56,1.1,3
34.17,59.23,46.44,1.41,3
35.32,58.45,46.27,6.52,3
32.27,52.52,47.57,0.79,3
34.65,54.56,42.55,2.43,3
32.48,61.5,20.54,3.42,3
36.63,56.63,47.55,10.59,3
32.93,33.62,49.99,1.15,3
34.76,46.35,24.26,0.68,3
30.66,57.11,48.6,2.55,3
30.44,62.94,54.08,0.33,3
36.62,63.22,54.1,11.96,3
35.48,27.11,41.95,2.63,3
29.88,59.54,49.34,3.07,3
31.87,26.97,54.71,4.78,3
35.37,45.11,53.12,7.3,3
35.08,50.13,59.98,9.34,3
33.73,55.05,42.56,2.99,3
32.6,60.38,59.26,1.67,3
32.33,45.39,34.33,7.43,3
34.77,60.04,49.39,1.24,3
28.59,56.87,26.06,9.66,3
31.94,59.05,53.54,7.2,3
31.91,53.58,47.4,4.31,3
31.04,56.5,40.52,4.12,3
36.32,62.07,54.24,8.08,3
31.63,45.42,58.75,1.29,3
36.39,31.73,44.04,3.03,3
28.93,56.68,27.34,0.78,3
33.28,37.23,45.49,5.51,3
30.73,48.2,58.06,5.47,3
36.83,57.28,55.92,4.01,3
31.28,55.4,46.6,2.82,3
41.1,63.98,50.94,7.15,3
35.94,53.5,52.4,3.9,3
37.0,62.73,58.16,2.56,3
31.69,45.19,50.34,0.94,3
34.76,54.71,49.52,6.63,3
35.52,53.04,54.92,9.76,3
36.04,57.25,21.9,8.06,3
30.91,61.9,55.63,7.72,3
41.76,51.71,59.82,9.0,3
35.71,62.66,48.48,9.01,3
29.91,57.03,46.22,3.34,3
34.38,52.08,50.86,9.2,3
30.57,46.71,43.55,5.52,3
31.91,64.95,43.57,9.83,3
30.48,63.14,41.88,6.87,3
30.61,47.41,42.09,8.04,3
31.6,59.15,55.91,1.08,3
34.4,51.81,54.99,4.1,3
32.23,39.09,55.7,1.79,3
34.38,53.39,50.49,5.43,3
33.09,56.06,49.78,10.81,3
36.72,49.07,53.42,4.66,3
35.02,30.64,41.2,5.3,3
31.27,64.82,46.09,10.61,3
31.52,56.1,45.65,5.05,3
36.65,60.27,48.04,7.19,3
34.8,59.12,40.02,9.78,3
34.3,39.47,58.11,3.8,3
29.62,53.07,40.0,9.12,3
33.94,55.46,59.13,9.01,3
32.57,63.45,44.33,7.2,3
34.23,59.43,47.12,7.43,3
36.62,63.6,59.9,3.95,3
34.23,63.25,57.9,8.17,3
31.37,64.0,44.48,12.67,3
32.71,54.32,23.16,6.3,3
28.53,31.97,42.1,5.88,3
28.05,33.65,51.53,3.62,3
33.48,57.7,51.31,5.31,3
29.13,64.12,44.12,12.31,3
41.46,45.02,41.26,5.23,3
29.39,48.67,46.27,2.84,3
35.22,50.97,55.44,5.12,3
41.72,52.95,59.06,9.55,3
36.68,50.23,49.01,1.51,3
31.18,48.74,42.19,0.09,3
35.2,52.43,48.92,6.33,3
40.74,52.15,41.93,7.63,3
35.47,46.5,45.34,7.94,3
36.78,50.2,53.19,9.77,3
29.8,33.31,41.1,4.57,3
29.06,25.98,59.12,3.98,3
29.99,48.5,43.3,5.86,3
35.99,50.57,50.41,7.04,3
33.92,60.26,58.98,8.92,3
32.42,46.08,46.92,8.91,3
35.97,58.86,47.16,5.15,3
28.49,46.59,55.16,0.94,3
32.78,50.38,51.77,3.18,3
31.84,35.07,46.58,6.1,3
32.93,48.28,41.83,6.28,3
42.81,54.42,45.7,8.94,3
32.41,54.04,49.7,10.29,3
33.11,54.96,41.13,5.36,3
36.01,60.88,46.9,3.5,3
29.73,51.87,53.76,2.12,3
28.37,48.94,48.43,0.97,3
29.15,64.8,44.67,11.49,3
34.19,55.02,49.31,8.9,3
31.26,60.75,56.97,11.29,3
29.8,62.13,50.53,8.16,3
30.66,49.78,52.3,1.54,3
30.53,63.24,50.57,10.22,3
35.27,62.03,58.21,7.53,3
32.85,50.19,49.37,3.3,3
32.19,25.94,49.29,3.9,3
36.03,48.55,23.54,2.71,3
29.37,57.69,31.68,9.84,3
30.31,49.52,41.1,0.5,3
31.64,62.54,47.87,9.67,3
30.16,48.73,46.16,3.95,3
35.94,60.79,41.86,0.33,3
32.49,61.5,50.91,2.23,3
28.03,63.8,57.19,11.7,3
34.18,45.26,26.03,8.28,3
33.29,62.47,45.57,6.11,3
31.83,56.68,53.63,1.99,3
33.09,48.03,51.81,7.94,3
30.92,55.04,41.92,8.46,3
35.99,56.33,57.97,4.97,3
29.91,48.28,57.48,2.73,3
29.98,56.16,50.38,1.59,3
29.26,56.63,40.5,1.28,3
32.29,46.16,46.61,5.47,3
30.75,25.33,55.07,1.73,3
32.56,59.96,46.69,1.14,3
40.89,63.42,52.42,2.67,3
33.26,36.52,57.04,2.34,3
39.3,45.22,41.83,2.51,3
30.8,62.82,57.56,5.02,3
28.27,57.37,58.39,2.43,3
30.58,46.12,57.37,2.63,3
42.05,50.99,53.11,0.44,3
36.33,50.81,46.76,4.32,3
32.36,46.8,49.59,4.37,3
30.92,47.24,43.05,3.92,3
29.74,46.25,53.74,5.37,3
34.58,52.09,55.5,4.19,3
36.73,29.21,42.33,2.98,3
42.31,51.66,58.44,4.24,3
28.07,51.31,52.21,9.88,3
34.23,63.22,23.49,8.2,3
32.73,64.62,25.8,6.55,3
33.19,52.94,27.24,8.24,3
32.37,55.27,53.34,8.66,3
31.63,55.57,41.57,0.26,3
24.06,64.64,66.94,1.56,4
28.16,73.43,44.58,6.35,4
24.86,61.03,56.14,0.92,4
37.95,56.65,68.69,4.68,4
25.93,69.77,58.72,12.72,4
28.43,73.95,71.78,0.8,4
24.08,40.8,59.0,5.22,4
29.66,61.86,57.85,3.07,4
30.05,69.51,74.89,10.49,4
30.83,67.82,49.3,8.4,4
26.0,72.56,61.42,8.29,4
30.08,58.61,62.79,2.95,4
27.84,68.94,36.07,6.91,4
25.11,60.71,68.96,6.1,4
29.37,66.38,64.6,5.38,4
31.43,73.21,45.77,6.84,4
28.24,68.38,39.69,9.0,4
30.84,60.03,59.04,3.65,4
36.9,63.57,60.7,5.12,4
29.22,59.44,56.1,4.3,4
34.37,74.08,64.74,8.67,4
30.59,58.33,70.35,3.29,4
28.79,68.6,60.07,13.32,4
30.12,47.06,64.99,4.02,4
29.58,66.55,57.33,7.77,4
28.79,71.78,69.35,14.04,4
27.89,61.91,65.84,7.06,4
25.34,65.15,55.22,12.3,4
31.03,71.57,68.26,11.14,4
30.48,64.22,66.46,12.05,4
30.62,73.63,63.47,9.61,4
24.42,69.64,66.57,11.47,4
27.13,59.7,56.55,7.63,4
31.18,63.7,71.06,12.66,4
29.23,38.77,58.91,5.08,4
25.57,60.85,63.59,2.84,4
36.99,70.27,62.48,8.68,4
31.45,72.34,38.25,3.54,4
29.69,71.36,65.38,5.14,4
29.81,56.92,65.91,1.36,4
34.47,61.13,69.38,3.33,4
37.9,60.43,64.51,9.95,4
25.21,63.36,66.66,12.04,4
27.06,55.83,71.53,9.81,4
28.57,69.19,72.88,10.14,4
30.53,60.63,61.75,1.7,4
25.69,57.93,70.31,11.51,4
27.8,35.39,61.74,1.05,4
31.8,36.78,72.6,1.49,4
30.52,73.02,71.77,2.39,4
26.54,67.76,65.71,4.41,4
25.3,63.89,55.95,9.78,4
29.41,72.83,68.99,2.28,4
29.43,70.52,40.99,11.65,4
27.16,71.27,62.1,9.57,4
27.96,66.71,56.56,2.66,4
29.92,59.3,55.53,10.05,4
29.35,55.71,44.74,5.78,4
29.43,66.4,37.91,11.4,4
31.42,73.64,64.87,10.85,4
27.61,57.98,65.79,2.81,4
30.08,70.6,63.66,1.3,4
28.1,62.45,36.06,10.55,4
27.83,73.34,64.02,1.71,4
26.28,63.05,62.59,10.55,4
29.65,69.13,58.64,6.66,4
31.1,63.76,55.77,3.66,4
30.23,61.51,67.7,7.3,4
30.54,56.2,61.67,0.93,4
28.88,60.37,48.01,3.15,4
31.91,69.96,72.29,7.42,4
34.05,55.4,69.7,3.18,4
30.63,35.45,57.03,1.55,4
29.79,70.36,37.14,0.58,4
29.6,66.93,65.02,10.42,4
30.09,65.71,67.01,3.72,4
24.44,73.36,57.5,2.89,4
30.64,58.55,61.76,9.36,4
31.04,69.39,48.72,8.29,4
29.99,55.31,67.39,3.71,4
27.23,67.78,65.87,11.74,4
26.95,66.15,68.47,11.25,4
28.4,70.11,64.51,6.46,4
28.57,60.09,63.26,3.0,4
27.98,65.67,62.82,2.17,4
24.62,70.32,63.71,8.12,4
26.22,57.25,59.1,10.43,4
35.85,70.74,64.67,0.75,4
28.95,67.24,70.94,2.05,4
24.87,65.69,63.44,9.89,4
25.03,59.91,58.68,4.67,4
25.75,60.51,61.15,0.31,4
28.17,74.31,67.35,12.77,4
29.09,55.17,73.61,5.42,4
26.15,65.17,68.46,12.2,4
26.66,40.33,61.6,1.38,4
31.13,65.35,63.76,1.59,4
30.52,71.17,55.47,11.28,4
31.92,66.25,56.12,9.03,4
25.86,66.98,36.52,1.18,4
30.78,69.37,62.34,13.8,4
29.32,40.95,63.12,1.4,4
31.63,70.52,41.62,11.91,4
30.18,57.08,61.03,2.33,4
31.26,60.02,57.55,4.16,4
29.31,67.85,66.85,4.18,4
30.06,49.92,69.37,4.86,4
25.53,60.65,69.2,12.0,4
24.8,71.25,65.5,11.5,4
27.32,58.54,43.88,3.37,4
30.14,59.33,64.7,11.55,4
36.1,59.08,59.26,1.16,4
28.46,70.76,71.39,4.9,4
35.5,56.24,66.16,1.65,4
29.29,68.91,71.88,6.05,4
24.02,58.93,35.51,5.08,4
31.66,73.99,66.14,9.04,4
26.5,36.84,73.41,0.6,4
30.4,55.32,69.54,2.8,4
30.57,72.61,69.71,2.58,4
25.42,63.48,57.95,1.76,4
31.71,71.12,66.15,13.97,4
27.06,69.71,69.81,7.05,4
25.96,74.67,60.91,9.43,4
36.4,72.18,60.29,1.25,4
31.95,74.85,68.4,6.73,4
30.25,66.46,72.37,11.88,4
24.21,69.77,67.16,5.55,4
25.39,67.89,58.12,11.05,4
27.41,70.88,72.24,3.4,4
26.92,68.83,60.68,3.42,4
26.05,42.11,71.45,4.19,4
25.65,66.95,61.16,0.49,4
36.82,55.8,74.97,6.43,4
31.38,69.26,64.94,0.19,4
29.61,68.16,67.7,3.51,4
28.8,68.76,65.16,5.82,4
27.85,69.64,59.77,5.07,4
30.56,68.17,48.96,5.79,4
31.08,57.08,65.43,7.48,4
30.02,67.43,66.15,3.33,4
25.65,59.85,69.1,2.19,4
24.67,68.85,70.44,5.62,4
37.73,69.06,68.97,2.74,4
30.63,55.1,74.98,6.57,4
29.79,73.06,69.0,8.31,4
26.78,71.41,58.82,2.62,4
26.69,63.18,55.69,0.62,4
26.42,68.07,62.33,0.4,4
29.54,58.62,67.91,6.27,4
31.32,64.55,61.88,2.09,4
28.14,59.95,68.67,10.99,4
27.75,56.81,47.23,6.61,4
31.56,62.7,67.89,8.69,4
24.26,66.09,67.61,0.92,4
24.1,48.84,63.33,6.41,4
25.86,67.44,72.66,13.37,4
31.74,72.9,73.65,8.93,4
27.84,72.43,67.76,8.96,4
31.79,37.02,72.35,2.17,4
34.62,69.3,56.4,7.52,4
26.23,62.2,73.48,5.72,4
28.11,71.63,46.33,5.29,4
26.51,37.1,55.41,4.59,4
34.22,62.76,62.87,6.56,4
28.2,70.23,35.34,8.22,4
30.1,65.33,61.06,10.4,4
37.21,69.22,63.59,11.52,4
31.76,73.83,65.58,10.67,4
29.14,72.06,57.84,3.78,4
29.12,74.22,66.7,2.9,4
30.79,72.75,63.18,7.77,4
30.76,64.28,68.62,12.59,4
26.36,72.31,40.12,2.14,4
30.92,63.38,73.37,12.33,4
28.38,63.3,56.42,8.65,4
26.23,61.81,64.74,11.19,4
26.46,40.32,58.67,0.18,4
35.31,57.07,68.35,10.25,4
26.43,66.63,58.92,3.92,4
30.05,73.93,57.79,3.36,4
26.4,72.13,55.11,3.11,4
28.02,47.69,71.38,0.59,4
25.2,71.05,72.77,5.52,4
28.14,59.57,62.8,5.78,4
35.7,70.27,70.04,2.93,4
24.7,64.61,67.88,11.12,4
26.16,71.81,67.86,3.06,4
25.53,60.41,38.75,6.17,4
29.1,68.1,67.86,8.64,4
31.63,72.6,67.78,7.63,4
34.96,71.09,59.35,11.77,4
24.87,65.1,65.48,4.77,4
28.55,72.53,58.42,0.57,4
29.42,74.54,72.71,11.94,4
26.74,37.04,74.61,3.42,4
30.09,59.66,59.29,4.47,4
25.71,57.1,55.54,10.35,4
28.59,71.1,42.67,7.15,4
27.0,62.05,73.66,9.57,4
25.33,70.81,56.11,2.84,4
24.07,73.37,56.97,14.31,4
31.68,57.03,59.26,4.26,4
28.99,61.14,74.77,10.35,4
29.83,55.32,59.02,2.02,4
30.59,70.73,71.47,3.9,4
31.25,67.83,67.32,9.26,4
28.46,61.28,71.64,9.51,4
30.67,73.23,62.75,6.99,4
26.09,58.46,66.03,10.41,4
25.38,71.58,72.43,9.01,4
25.18,47.56,66.88,8.58,4
27.81,63.04,44.28,11.34,4
27.82,64.75,55.73,10.39,4
26.14,43.22,71.35,5.78,4
26.7,56.61,71.8,2.03,4
36.63,63.4,65.19,10.35,4
26.96,69.36,49.03,8.19,4
29.58,64.19,67.48,2.75,4
37.66,57.26,61.49,9.09,4
27.88,65.88,60.64,2.29,4
31.39,66.69,59.22,4.67,4
27.9,60.42,46.83,7.25,4
30.97,64.77,70.92,1.98,4
24.43,39.95,56.67,6.76,4
30.79,74.99,58.78,5.74,4
32.0,71.26,62.56,14.04,4
26.83,61.97,57.97,10.61,4
27.96,36.73,69.78,5.43,4
29.04,55.39,63.51,3.46,4
26.97,65.62,36.03,2.25,4
29.7,43.01,60.3,0.3,4
29.87,64.49,71.15,11.8,4
24.78,74.82,56.55,9.02,4
27.94,63.02,66.28,0.45,4
25.82,64.31,68.27,9.69,4
37.06,55.85,60.51,10.28,4
31.45,72.73,59.05,6.41,4
25.79,64.29,63.85,2.91,4
30.94,45.4,69.87,5.12,4
29.09,60.17,67.31,6.28,4
36.46,63.07,69.58,5.45,4
24.21,71.33,66.35,5.08,4
29.61,60.09,66.44,2.45,4
24.36,74.38,62.24,12.2,4
31.37,66.59,35.86,6.26,4
26.91,70.4,57.89,0.63,4
30.8,44.5,55.54,0.77,4
28.81,67.36,62.76,7.14,4
31.37,58.16,70.04,11.41,4
28.62,56.75,69.01,4.4,4
25.68,61.08,71.16,0.28,4
26.57,62.05,64.62,0.63,4
31.23,60.51,42.48,8.53,4
30.88,55.58,57.98,4.77,4
28.36,73.61,62.27,2.06,4
24.78,72.22,72.38,12.53,4
26.59,55.95,61.65,11.07,4
28.78,58.94,67.86,1.03,4
28.7,62.24,70.63,4.42,4
26.33,58.28,39.86,2.74,4
29.14,71.23,60.76,11.62,4
27.75,58.36,59.72,0.97,4
34.03,60.06,59.42,10.34,4
29.11,68.4,47.38,11.64,4
27.35,64.81,55.98,6.03,4
26.95,60.19,57.51,8.64,4
31.31,72.25,55.33,11.73,4
29.93,62.4,67.65,3.56,4
31.73,69.94,70.16,5.03,4
27.68,59.66,70.54,11.79,4
31.11,59.52,58.34,10.5,4
30.84,47.75,65.33,3.13,4
29.81,65.24,60.72,7.61,4
29.99,46.13,69.36,6.02,4
30.93,60.01,65.41,2.36,4
27.28,63.18,41.15,2.14,4
24.75,59.6,62.61,7.4,4
31.95,60.48,37.45,2.57,4
34.83,64.29,57.34,11.24,4
31.79,55.32,62.14,7.1,4
25.34,60.65,63.56,4.42,4
28.07,72.96,55.24,9.98,4
31.73,73.78,55.27,6.65,4
24.27,36.57,70.45,0.31,4
28.87,62.49,62.06,5.46,4
28.34,71.17,66.14,9.37,4
28.6,68.01,69.04,5.0,4
29.76,66.05,63.63,2.75,4
26.87,59.37,35.59,5.88,4
28.05,64.38,64.23,10.69,4
26.95,60.05,63.04,1.14,4
29.07,38.24,65.58,7.41,4
28.37,58.51,57.49,6.94,4
30.27,64.35,69.17,2.69,4
26.69,61.24,55.07,3.99,4
35.17,65.27,55.8,5.19,4
31.91,64.98,57.22,8.36,4
29.34,56.95,66.83,1.25,4
31.38,61.44,64.95,7.2,4
26.25,35.37,66.12,1.31,4
27.14,74.8,68.4,7.14,4
29.51,55.19,68.75,8.66,4
28.62,66.85,65.54,1.16,4
35.95,67.72,72.25,10.71,4
26.18,66.34,59.02,0.54,4
31.54,56.06,59.82,3.13,4
29.35,60.89,63.64,8.98,4
27.24,73.73,38.16,1.19,4
31.33,49.83,72.89,6.69,4
28.85,73.74,40.28,11.1,4
24.87,70.8,56.48,8.1,4
25.13,62.9,61.07,11.58,4
26.75,56.75,55.25,0.17,4
34.87,71.88,58.13,8.67,4
35.96,67.65,58.33,7.76,4
31.82,71.87,55.64,9.01,4
27.68,67.94,56.28,8.39,4
31.41,66.94,73.95,2.54,4
26.39,69.85,73.87,8.66,4
29.22,59.81,36.07,0.15,4
28.35,44.5,58.1,8.65,4
30.23,68.7,62.96,0.77,4
26.52,63.61,69.29,9.37,4
26.47,63.24,64.81,0.83,4
25.39,40.58,59.27,4.27,4
31.0,62.28,67.1,1.39,4
29.47,66.66,57.44,1.0,4
24.02,62.93,67.2,7.37,4
37.85,71.85,56.47,6.76,4
27.85,74.18,38.37,2.78,4
30.48,73.17,56.07,7.52,4
24.41,63.95,71.93,10.3,4
24.71,69.58,55.4,12.86,4
25.6,60.49,73.65,11.91,4
26.82,57.62,72.03,0.15,4
29.31,47.47,55.79,3.61,4
26.38,42.67,65.18,7.93,4
25.13,68.16,49.72,9.81,4
31.38,55.33,74.73,4.18,4
24.29,73.36,61.65,13.96,4
26.28,57.54,66.22,0.69,4
27.27,55.69,59.44,3.58,4
25.24,74.6,57.05,6.68,4
26.75,73.11,73.12,2.75,4
26.36,66.39,59.9,12.88,4
28.47,37.95,63.77,5.32,4
27.25,56.05,57.71,6.3,4
37.87,60.8,72.22,6.79,4
29.2,65.25,57.78,7.38,4
35.12,58.76,64.9,0.33,4
27.28,44.5,57.69,3.04,4
25.42,49.18,61.46,2.78,4
25.4,59.7,45.97,0.6,4
36.75,66.38,68.75,1.5,4
26.28,56.14,68.6,4.87,4
30.72,40.05,72.71,7.22,4
24.16,63.49,41.81,0.23,4
31.43,61.1,59.34,0.6,4
25.62,46.55,64.59,4.88,4
27.2,56.27,58.48,1.33,4
25.45,70.3,65.92,11.9,4
27.85,39.66,64.11,0.81,4
26.87,38.67,71.87,2.2,4
28.94,67.86,67.91,0.03,4
24.5,71.94,73.82,6.79,4
26.23,74.96,65.03,14.25,4
27.97,40.37,59.69,2.22,4
31.19,73.2,72.79,2.29,4
29.99,46.86,66.55,3.26,4
29.35,69.85,57.46,7.96,4
31.61,74.33,44.93,4.27,4
30.58,70.89,56.18,0.97,4
26.35,45.22,58.91,7.02,4
30.85,58.8,73.36,0.45,4
31.6,58.74,61.8,2.79,4
24.67,44.14,63.45,1.79,4
28.25,69.61,70.14,0.14,4
31.25,74.26,65.79,10.73,4
31.57,57.64,63.0,0.7,4
26.85,58.04,41.37,2.39,4
29.96,66.95,48.85,2.8,4
28.49,73.67,72.18,13.43,4
26.14,74.26,66.3,11.54,4
25.2,70.74,73.71,2.16,4
24.05,72.43,55.62,2.1,4
25.46,67.73,58.98,7.81,4
34.06,60.07,66.1,11.58,4
28.37,73.26,68.14,13.03,4
29.92,38.39,66.0,0.59,4
31.21,57.74,57.32,9.65,4
30.19,36.65,63.82,1.91,4
25.56,58.33,73.89,10.67,4
29.56,64.17,66.13,5.35,4
27.89,36.4,60.89,6.4,4
24.16,61.06,71.73,2.92,4
30.25,56.21,74.19,10.42,4
29.45,71.72,68.77,7.23,4
28.28,55.88,71.85,5.48,4
31.36,73.77,74.24,7.22,4
28.51,58.44,69.58,0.13,4
27.77,67.83,66.89,12.51,4
26.43,68.67,59.29,8.54,4
37.9,65.98,69.45,6.28,4
28.7,67.0,65.04,9.08,4
30.2,71.95,69.76,1.16,4
28.44,63.54,67.57,5.28,4
24.73,59.66,41.87,4.88,4
26.25,69.59,67.9,4.03,4
25.79,63.39,65.25,11.74,4
31.03,74.5,62.5,12.9,4
28.59,65.94,70.45,12.25,4
31.51,61.99,56.07,11.79,4
31.2,57.92,64.23,1.0,4
29.33,62.05,59.63,2.03,4
26.04,68.62,63.74,13.07,4
37.73,66.29,61.61,5.16,4
24.43,57.34,72.78,9.56,4
29.01,62.8,74.51,9.92,4
25.63,73.89,66.22,12.11,4
29.99,62.18,66.71,3.29,4
27.45,55.29,44.06,3.7,4
31.42,58.13,60.86,2.1,4
27.4,70.12,65.28,0.77,4
26.91,67.1,47.01,2.3,4
26.99,68.04,62.63,10.64,4
31.14,67.11,61.23,10.86,4
30.0,61.76,56.07,11.12,4
28.88,64.02,66.07,0.07,4
30.46,63.79,61.35,2.93,4
24.99,71.98,56.13,6.04,4
35.29,70.53,67.69,4.9,4
31.16,56.98,71.03,7.46,4
30.75,58.92,64.21,9.41,4
24.71,70.19,63.97,8.47,4
26.87,61.38,58.79,3.55,4
27.28,65.68,67.86,3.26,4
28.96,67.88,62.85,4.04,4
26.58,59.18,72.34,8.37,4
25.1,63.46,39.11,3.56,4
31.25,36.2,62.44,1.66,4
37.28,65.04,72.39,8.68,4
35.95,64.68,69.76,6.26,4
27.82,55.5,65.88,3.42,4
29.3,55.13,64.39,1.93,4
35.1,61.15,59.71,0.18,4
30.92,69.75,65.77,10.56,4
31.3,58.15,72.78,10.92,4
24.49,60.5,70.88,3.66,4
24.22,70.71,56.45,9.9,4
25.44,61.2,59.33,8.79,4
24.93,71.45,69.83,9.4,4
27.27,40.01,58.02,0.17,4
28.51,62.72,74.49,2.58,4
25.41,67.25,63.23,10.87,4
24.44,66.75,71.34,4.4,4
25.97,62.69,66.47,8.79,4
26.51,72.58,61.67,10.95,4
25.2,73.4,66.67,12.01,4
26.45,71.54,72.43,7.37,4
34.94,70.28,56.9,4.25,4
30.47,64.79,36.39,6.62,4
25.48,67.3,70.92,9.98,4
25.97,57.34,56.69,3.36,4
31.62,62.09,69.41,0.81,4
24.73,70.41,62.61,10.75,4
26.3,64.82,56.83,5.93,4
27.46,59.83,55.17,4.64,4
30.72,63.83,70.63,5.78,4
29.43,55.26,60.4,5.61,4
30.44,74.26,61.58,12.74,4
24.06,65.53,71.22,5.93,4
31.02,74.55,69.06,8.9,4
25.86,71.84,71.18,3.17,4
25.1,72.04,68.22,3.91,4
26.8,60.24,62.77,1.09,4
24.41,73.17,59.97,4.94,4
36.13,64.99,60.73,0.38,4
31.36,55.82,63.33,9.28,4
25.02,55.14,58.45,4.12,4
26.4,72.61,74.69,9.56,4
30.08,44.96,64.64,5.63,4
26.85,60.85,68.32,0.32,4
28.79,64.55,69.72,7.41,4
27.85,45.39,70.63,2.11,4
28.3,68.57,64.32,3.44,4
27.59,66.55,39.38,3.97,4
24.5,59.39,66.18,11.28,4
25.46,36.71,71.99,3.69,4
37.82,61.09,61.73,0.1,4
26.14,74.1,60.76,2.73,4
27.58,72.55,68.87,3.38,4
29.75,63.7,68.48,7.72,4
35.05,55.49,59.51,4.59,4
29.27,74.9,55.22,5.9,4
25.52,49.98,59.66,8.17,4
29.47,71.79,60.86,12.42,4
25.68,39.12,67.13,6.28,4
28.7,56.47,42.17,5.7,4
29.21,74.8,61.77,9.11,4
